date,cpc
1/1/2022,12.43
1/2/2022,12.49
1/3/2022,11.65
1/4/2022,11.85
1/5/2022,10.01
1/6/2022,9.54
1/7/2022,9.79
1/8/2022,9.64
1/9/2022,9.58
1/10/2022,9.08
1/11/2022,8.62
1/12/2022,10.16
1/13/2022,9.37
1/14/2022,11.69
1/15/2022,13.00
1/16/2022,11.46
1/17/2022,11.69
1/18/2022,9.59
1/19/2022,8.10
1/20/2022,8.67
1/21/2022,9.62
1/22/2022,9.83
1/23/2022,11.97
1/24/2022,11.33
1/25/2022,10.03
1/26/2022,9.79
1/27/2022,9.07
1/28/2022,7.13
1/29/2022,8.37
1/30/2022,9.20
1/31/2022,8.56
2/1/2022,9.59
2/2/2022,8.97
2/3/2022,8.60
2/4/2022,9.54
2/5/2022,8.61
2/6/2022,10.79
2/7/2022,9.80
2/8/2022,9.63
2/9/2022,8.20
2/10/2022,9.67
2/11/2022,8.71
2/12/2022,10.09
2/13/2022,10.35
2/14/2022,8.34
2/15/2022,8.94
2/16/2022,6.98
2/17/2022,7.15
2/18/2022,9.26
2/19/2022,10.87
2/20/2022,8.32
2/21/2022,7.24
2/22/2022,7.96
2/23/2022,7.14
2/24/2022,8.32
2/25/2022,8.51
2/26/2022,11.11
2/27/2022,6.37
2/28/2022,4.43
3/1/2022,7.44
3/2/2022,6.60
3/3/2022,6.98
3/4/2022,6.39
3/5/2022,8.42
3/6/2022,8.76
3/7/2022,7.61
3/8/2022,7.66
3/9/2022,7.70
3/10/2022,18.44
3/11/2022,25.34
3/12/2022,24.81
3/13/2022,24.16
3/14/2022,24.64
3/15/2022,31.11
3/16/2022,30.59
3/17/2022,28.29
3/18/2022,24.97
3/19/2022,22.59
3/20/2022,23.57
3/21/2022,24.23
3/22/2022,22.61
3/23/2022,21.04
3/24/2022,19.37
3/25/2022,20.40
3/26/2022,19.89
3/27/2022,22.41
3/28/2022,18.89
3/29/2022,18.08
3/30/2022,17.25
3/31/2022,12.98
4/1/2022,19.38
4/2/2022,17.76
4/3/2022,16.38
4/4/2022,15.03
4/5/2022,15.89
4/6/2022,15.13
4/7/2022,14.91
4/8/2022,13.45
4/9/2022,13.81
4/10/2022,14.77
4/11/2022,14.20
4/12/2022,15.19
4/13/2022,13.94
4/14/2022,13.92
4/15/2022,12.88
4/16/2022,12.12
4/17/2022,11.67
4/18/2022,12.16
4/19/2022,11.04
4/20/2022,11.05
4/21/2022,11.86
4/22/2022,11.36
4/23/2022,10.34
4/24/2022,11.70
4/25/2022,12.12
4/26/2022,11.56
4/27/2022,13.22
4/28/2022,11.28
4/29/2022,9.88
4/30/2022,11.22
5/1/2022,10.54
5/2/2022,11.64
5/3/2022,10.98
5/4/2022,9.98
5/5/2022,9.99
5/6/2022,9.93
5/7/2022,9.89
5/8/2022,9.14
5/9/2022,9.31
5/10/2022,9.18
5/11/2022,8.56
5/12/2022,8.49
5/13/2022,9.30
5/14/2022,8.70
5/15/2022,8.68
5/16/2022,9.31
5/17/2022,9.56
5/18/2022,8.64
5/19/2022,7.82
5/20/2022,8.69
5/21/2022,9.28
5/22/2022,9.75
5/23/2022,9.46
5/24/2022,10.15
5/25/2022,12.46
5/26/2022,12.69
5/27/2022,12.91
5/28/2022,11.96
5/29/2022,13.70
5/30/2022,12.29
5/31/2022,13.68
6/1/2022,12.83
6/2/2022,12.40
6/3/2022,12.69
6/4/2022,15.64
6/5/2022,15.53
6/6/2022,12.92
6/7/2022,13.18
6/8/2022,14.51
6/9/2022,15.74
6/10/2022,13.37
6/11/2022,15.80
6/12/2022,14.56
6/13/2022,12.97
6/14/2022,13.34
6/15/2022,12.88
6/16/2022,13.18
6/17/2022,12.47
6/18/2022,13.97
6/19/2022,18.31
6/20/2022,13.66
6/21/2022,16.27
6/22/2022,13.30
6/23/2022,17.37
6/24/2022,14.69
6/25/2022,22.14
6/26/2022,19.09
6/27/2022,14.58
6/28/2022,15.27
6/30/2022,23.90
7/1/2022,14.52
7/2/2022,18.05
7/3/2022,18.86
7/4/2022,20.74
7/5/2022,13.36
7/6/2022,12.50
7/7/2022,12.89
7/8/2022,12.45
7/9/2022,13.46
7/10/2022,13.50
7/11/2022,14.20
7/12/2022,15.10
7/13/2022,14.86
7/14/2022,15.23
7/15/2022,16.40
7/16/2022,19.24
7/17/2022,18.75
7/18/2022,15.47
7/19/2022,17.50
7/20/2022,16.64
7/21/2022,18.07
7/22/2022,14.76
7/23/2022,17.46
7/24/2022,19.06
7/25/2022,18.78
7/26/2022,18.43
7/27/2022,18.02
7/28/2022,18.29
7/29/2022,19.09
7/30/2022,20.53
7/31/2022,22.26
8/1/2022,17.20
8/2/2022,22.16
8/3/2022,20.46
8/4/2022,18.40
8/5/2022,18.28
8/6/2022,18.71
8/7/2022,16.36
8/8/2022,21.00
8/9/2022,22.35
8/10/2022,17.99
8/11/2022,21.64
8/12/2022,19.65
8/13/2022,22.95
8/14/2022,20.36
8/15/2022,20.80
8/16/2022,20.80
8/17/2022,19.52
8/18/2022,17.63
8/19/2022,18.35
8/20/2022,16.97
8/21/2022,18.31
8/22/2022,18.91
8/23/2022,19.69
8/24/2022,15.08
8/25/2022,15.52
8/26/2022,17.92
8/27/2022,20.54
8/28/2022,19.35
8/29/2022,17.26
8/30/2022,16.08
8/31/2022,15.25
9/1/2022,17.22
9/2/2022,17.13
9/3/2022,18.35
9/4/2022,17.01
9/5/2022,17.49
9/6/2022,19.59
9/7/2022,18.61
9/8/2022,18.37
9/9/2022,16.16
9/10/2022,21.25
9/11/2022,20.19
9/12/2022,17.78
9/13/2022,16.17
9/14/2022,17.97
9/15/2022,19.67
9/16/2022,21.66
9/17/2022,18.18
9/18/2022,18.98
9/19/2022,22.46
9/20/2022,18.82
9/21/2022,18.71
9/22/2022,19.01
9/23/2022,19.12
9/24/2022,18.34
9/25/2022,18.79
9/26/2022,21.33
9/27/2022,21.18
9/28/2022,19.59
9/29/2022,18.67
9/30/2022,16.33
10/1/2022,13.82
10/2/2022,18.11
10/3/2022,17.02
10/4/2022,18.85
10/5/2022,12.17
10/6/2022,12.87
10/7/2022,13.62
10/8/2022,18.34
10/9/2022,19.91
10/10/2022,17.97
10/11/2022,18.85
10/12/2022,14.08
10/13/2022,15.94
10/14/2022,17.49
10/15/2022,17.85
10/16/2022,16.89
10/17/2022,15.82
10/18/2022,20.31
10/19/2022,21.96
10/20/2022,11.46
10/21/2022,8.95
10/22/2022,14.77
10/23/2022,10.66
10/24/2022,9.95
10/25/2022,15.97
10/26/2022,9.96
10/27/2022,7.58
10/28/2022,12.26
10/29/2022,7.90
10/30/2022,9.90
10/31/2022,12.87
11/1/2022,8.50
11/2/2022,10.33
11/3/2022,10.81
11/4/2022,10.38
11/5/2022,12.69
11/6/2022,18.41
11/7/2022,8.45
11/8/2022,15.12
11/9/2022,12.08
11/10/2022,10.71
11/11/2022,10.82
11/12/2022,8.84
11/13/2022,10.70
11/14/2022,10.86
11/15/2022,11.31
11/16/2022,10.27
11/17/2022,6.98
11/18/2022,10.61
11/19/2022,12.01
11/20/2022,8.50
11/21/2022,10.30
11/22/2022,10.88
11/23/2022,16.63
11/24/2022,12.19
11/25/2022,14.00
11/26/2022,8.36
11/27/2022,9.69
11/28/2022,11.88
11/29/2022,6.29
11/30/2022,12.28
12/1/2022,12.88
12/2/2022,8.03
12/3/2022,11.73
12/4/2022,12.24
12/5/2022,8.17
12/6/2022,10.94
12/7/2022,9.47
12/8/2022,7.53
12/9/2022,12.75
12/10/2022,12.13
12/11/2022,13.10
12/12/2022,9.66
12/13/2022,12.28
12/14/2022,13.63
12/15/2022,10.58
12/16/2022,12.38
12/17/2022,13.28
12/18/2022,12.99
12/19/2022,14.99
12/20/2022,10.79
12/21/2022,14.83
12/22/2022,11.17
12/23/2022,11.81
12/24/2022,14.84
12/25/2022,12.46
12/26/2022,18.92
12/27/2022,13.67
12/28/2022,16.17
12/29/2022,11.89
12/30/2022,16.20
12/31/2022,12.94
1/1/2023,16.34
1/2/2023,14.76
1/3/2023,14.49
1/4/2023,12.87
1/5/2023,15.01
1/6/2023,13.02
1/7/2023,16.81
1/8/2023,14.26
1/9/2023,14.06
1/10/2023,14.39
1/11/2023,12.04
1/12/2023,16.62
1/13/2023,14.03
1/14/2023,14.14
1/15/2023,10.86
1/16/2023,13.22
1/17/2023,13.13
1/18/2023,16.91
1/19/2023,16.61
1/20/2023,18.88
1/21/2023,16.94
1/22/2023,16.03
1/23/2023,15.27
1/24/2023,18.96
1/25/2023,16.15
1/26/2023,18.69
1/27/2023,21.13
1/28/2023,38.41
1/29/2023,28.07
1/30/2023,23.63
1/31/2023,22.20
2/1/2023,33.51
2/2/2023,22.92
2/3/2023,23.73
2/4/2023,30.46
2/5/2023,22.42
2/6/2023,25.85
2/7/2023,30.79
2/8/2023,21.84
2/9/2023,19.70
2/10/2023,14.92
2/11/2023,24.35
2/12/2023,28.74
2/13/2023,22.76
2/14/2023,21.84
2/15/2023,22.44
2/16/2023,14.96
2/17/2023,20.75
2/18/2023,19.83
2/19/2023,19.42
2/20/2023,15.21
2/21/2023,11.26
2/22/2023,18.10
2/23/2023,14.02
2/24/2023,16.20
2/25/2023,19.78
2/26/2023,23.40
2/27/2023,19.39
2/28/2023,20.28
3/1/2023,20.16
3/2/2023,18.39
3/3/2023,21.31
3/4/2023,36.62
3/5/2023,37.75
3/6/2023,25.86
3/7/2023,25.06
3/8/2023,18.39
3/9/2023,15.56
3/10/2023,20.03
3/11/2023,18.26
3/12/2023,23.00
3/13/2023,14.80
3/14/2023,10.64
3/15/2023,9.75
3/16/2023,14.34
3/17/2023,17.89
3/18/2023,23.38
3/19/2023,19.01
3/20/2023,18.89
3/21/2023,18.99
3/22/2023,21.32
3/23/2023,20.74
3/24/2023,19.07
3/25/2023,21.49
3/26/2023,28.91
3/27/2023,23.79
3/28/2023,23.25
3/29/2023,22.15
3/30/2023,21.48
3/31/2023,16.44
4/1/2023,21.68
4/2/2023,27.30
4/3/2023,23.19
4/4/2023,22.12
4/5/2023,30.48
4/6/2023,25.46
4/7/2023,27.59
4/8/2023,29.90
4/9/2023,34.20
4/10/2023,27.34
4/11/2023,20.31
4/12/2023,27.39
4/13/2023,19.80
4/14/2023,23.62
4/15/2023,26.13
4/16/2023,25.27
4/17/2023,29.76
4/18/2023,22.90
4/19/2023,19.17
4/20/2023,20.07
4/21/2023,15.63
4/22/2023,21.58
4/23/2023,23.58
4/24/2023,17.24
4/25/2023,13.84
4/26/2023,17.25
4/27/2023,17.31
4/28/2023,17.53
4/29/2023,22.97
4/30/2023,18.90
5/1/2023,21.32
5/2/2023,22.02
5/3/2023,15.69
5/4/2023,15.53
5/5/2023,17.54
5/6/2023,23.14
5/7/2023,27.27
5/8/2023,15.44
5/9/2023,17.63
5/10/2023,18.00
5/11/2023,18.01
5/12/2023,17.99
5/13/2023,24.62
5/14/2023,34.69
5/15/2023,20.70
5/16/2023,16.22
5/17/2023,18.92
5/18/2023,24.67
5/19/2023,21.38
5/20/2023,27.65
5/21/2023,29.36
5/22/2023,18.87
5/23/2023,19.85
5/24/2023,20.47
5/25/2023,19.59
5/26/2023,24.57
5/27/2023,25.29
5/28/2023,25.93
5/29/2023,25.42
5/30/2023,22.00
5/31/2023,25.17
6/1/2023,6.60
6/8/2023,38.30
6/9/2023,20.57
6/10/2023,24.78
6/11/2023,22.36
6/12/2023,14.68
6/13/2023,18.25
6/14/2023,20.24
6/15/2023,20.38
6/16/2023,24.35
6/17/2023,31.61
6/18/2023,38.62
6/19/2023,23.28
6/20/2023,20.73
6/21/2023,23.30
6/22/2023,23.01
6/23/2023,22.08
6/24/2023,27.73
6/25/2023,32.85
6/26/2023,18.00
6/27/2023,15.12
6/28/2023,13.47
6/29/2023,12.52
6/30/2023,13.12
7/1/2023,16.86
7/2/2023,23.06
7/3/2023,15.47
7/4/2023,21.25
7/5/2023,15.75
7/6/2023,15.83
7/7/2023,14.59
7/8/2023,18.00
7/9/2023,19.44
7/10/2023,14.38
7/11/2023,14.63
7/12/2023,14.28
7/13/2023,13.69
7/14/2023,16.93
7/15/2023,24.99
7/16/2023,27.69
7/17/2023,12.57
7/18/2023,19.12
7/19/2023,15.33
7/20/2023,17.41
7/21/2023,16.67
7/22/2023,25.91
7/23/2023,21.38
7/24/2023,15.99
7/25/2023,17.43
7/26/2023,16.87
7/27/2023,18.32
7/28/2023,19.22
